sku,image_url,source_product
Shelly wall Display X1,https://cdn.shopify.com/s/files/1/0871/9967/8813/files/Shelly-Wall-Display-X1i-Black_main-image.png?v=1781703296,Shelly Wall Display X1i
Shelly Table Stand,https://cdn.shopify.com/s/files/1/0871/9967/8813/files/Shelly-Wall-Display-Stand-White-main-image.png?v=1746789800,Shelly Wall Display Stand List
Shelly Wall Display X2,https://cdn.shopify.com/s/files/1/0871/9967/8813/files/shelly-Wall-Display_Black_main_image.png?v=1763111865,Shelly Wall Display X2i List
Plus Wall Dimmer,https://cdn.shopify.com/s/files/1/0887/9941/2565/files/plus-wall-dimmer.png?v=1762463630,Shelly Plus Wall Dimmer
Smart Security Bundle,https://cdn.shopify.com/s/files/1/0871/9967/8813/files/Shelly-Smart-Security-Bundle-main-image.png?v=1727260150,Shelly Smart Security Bundle
Smart Security Bundle XL,https://cdn.shopify.com/s/files/1/0871/9967/8813/files/Shelly-Smart-Security-Bundle-XL-main-image.png?v=1727260150,Shelly Smart Security Bundle XL
1 Gen 3,https://cdn.shopify.com/s/files/1/0871/9967/8813/files/Shelly-1-Gen3-main-image.png?v=1727260149,Shelly 1 Gen3 List
1 Mini Gen 3,https://cdn.shopify.com/s/files/1/0871/9967/8813/files/Shelly-1-Mini-Gen3-main-image.png?v=1727260608,Shelly 1 Mini Gen3 List
1PM Gen 3,https://cdn.shopify.com/s/files/1/0871/9967/8813/files/Shelly-1PM-Gen3-main-image.png?v=1727260149,Shelly 1PM Gen3
1PM Mini Gen 3,https://cdn.shopify.com/s/files/1/0871/9967/8813/files/Shelly-1PM-Mini-Gen3-main-image.png?v=1727260609,Shelly 1PM Mini Gen3
2PM Gen 3,https://cdn.shopify.com/s/files/1/0871/9967/8813/files/Shelly-2PM-Gen3-main-image.png?v=1727359896,Shelly 2PM Gen3 List
Dali Dimmer,https://cdn.shopify.com/s/files/1/0871/9967/8813/files/Shelly-Dali-Dimmer-Gen3-main-image.png?v=1728234372,Shelly DALI Dimmer Gen3
Dimmer Gen 3,https://cdn.shopify.com/s/files/1/0871/9967/8813/files/Shelly-Dimmer-Gen3-main-image.png?v=1749627148,Shelly Dimmer Gen3
i4 Gen 3,https://cdn.shopify.com/s/files/1/0871/9967/8813/files/Shelly-i4-Gen3-main-image.png?v=1727297295,Shelly i4 Gen3
Dimmer 0/1-10V PM Gen 3,https://cdn.shopify.com/s/files/1/0871/9967/8813/files/Shelly-Dimmer-01-10V-PM-Gen3-main-image.png?v=1727260149,Shelly Dimmer  0/1-10V PM Gen3
Dimmer2-1,https://cdn.shopify.com/s/files/1/0871/9967/8813/files/Shelly-Dimmer2-main-image.png?v=1727296875,Shelly Dimmer2
Plus 0-10V Dimmer,https://cdn.shopify.com/s/files/1/0871/9967/8813/files/Shelly-Plus-0-10V-Dimmer-main-image.png?v=1727260149,Shelly Plus 0-10V Dimmer
Plus 1-1 UL,https://cdn.shopify.com/s/files/1/0887/9941/2565/files/Shelly-Plus-1-main-image_6f2256f7-2416-4b82-8ee8-01490ecbc200.png?v=1762463600,Shelly Plus 1 UL-Certified
Plus 1 PM-1 UL,https://cdn.shopify.com/s/files/1/0887/9941/2565/files/Shelly-Plus-1PM-main-image_21c07c0e-dd86-4939-9168-1e167483f4c4.png?v=1762463618,Shelly Plus 1PM UL
Plus 2 PM-1 UL,https://cdn.shopify.com/s/files/1/0887/9941/2565/files/Shelly-Plus-2PM-main-image_1264e2a7-ea4c-460f-af7c-a003688a67cb.png?v=1762463546,Shelly Plus 2PM
Plus i4 -1 CE,https://cdn.shopify.com/s/files/1/0887/9941/2565/files/Shelly-Plus-i4-main-image_69deccb8-8011-47a8-ad31-5a2241eb2d71.png?v=1762463609,Shelly Plus i4 UL
Plus i4-1 UL,https://cdn.shopify.com/s/files/1/0887/9941/2565/files/Shelly-Plus-i4-main-image_69deccb8-8011-47a8-ad31-5a2241eb2d71.png?v=1762463609,Shelly Plus i4 UL
Plus i4 DC,https://cdn.shopify.com/s/files/1/0871/9967/8813/files/Shelly-Plus-i4-DC-main-image.png?v=1727260149,Shelly Plus i4 DC
Plus RGBW PM,https://cdn.shopify.com/s/files/1/0871/9967/8813/files/Shelly-RGBW-PM-main-image.png?v=1727857021,Shelly Plus RGBW PM
RGBW2-1,https://cdn.shopify.com/s/files/1/0871/9967/8813/files/Shelly-RGBW2-main-image.png?v=1727260149,Shelly RGBW2
RGBW2-2,https://cdn.shopify.com/s/files/1/0871/9967/8813/files/Shelly-RGBW2-main-image.png?v=1727260149,Shelly RGBW2
Plus UNI,https://cdn.shopify.com/s/files/1/0871/9967/8813/files/Shelly-Plus-Uni-main-image.png?v=1740386396,Shelly Plus Uni
Plus Addon,https://cdn.shopify.com/s/files/1/0871/9967/8813/files/Shelly-Plus-AddOn-main-image.png?v=1727260149,Shelly Plus Add-on
Pro 1,https://cdn.shopify.com/s/files/1/0871/9967/8813/files/Shelly-Pro-1-main-image.png?v=1727260149,Shelly Pro 1
Pro 1PM,https://cdn.shopify.com/s/files/1/0871/9967/8813/files/Shelly-Pro-1PM-main-image.png?v=1727260149,Shelly Pro 1PM
Pro 2,https://cdn.shopify.com/s/files/1/0871/9967/8813/files/Shelly-Pro-2-main-image.png?v=1727260148,Shelly Pro 2
Pro 2PM,https://cdn.shopify.com/s/files/1/0871/9967/8813/files/Shelly-Pro-2PM-main-image.png?v=1727260149,Shelly Pro 2PM
Pro 3,https://cdn.shopify.com/s/files/1/0871/9967/8813/files/Shelly-Pro-3-main-image.png?v=1727260149,Shelly Pro 3
Pro 4 PM,https://cdn.shopify.com/s/files/1/0871/9967/8813/files/Shelly-Pro-4PM-main-image.png?v=1749538954,Shelly Pro 4PM
Pro Dual Cover,https://cdn.shopify.com/s/files/1/0871/9967/8813/files/Shelly-Pro-Dual-Cover-Shutter-main-image.png?v=1727260148,Shelly Pro Dual Cover / Shutter PM
Pro Dimmer 0/1-10V PM,https://cdn.shopify.com/s/files/1/0871/9967/8813/files/Shelly-Pro-Dimmer-0-1-10V-PM-main-image.png?v=1728220540,Shelly Pro Dimmer 0/1-10V PM
Pro Dimmer 1PM,https://cdn.shopify.com/s/files/1/0871/9967/8813/files/Shelly-Pro-Dimmer-1PM-main-image.png?v=1727358911,Shelly Pro Dimmer 1PM
Pro Dimmer 2PM,https://cdn.shopify.com/s/files/1/0871/9967/8813/files/Shelly-Pro-Dimmer-2PM-main-image.png?v=1727358911,Shelly Pro Dimmer 2PM
Pro LAN Switch,https://cdn.shopify.com/s/files/1/0871/9967/8813/files/Shelly-LAN-Switch-main-image.png?v=1727260150,Shelly LAN Switch
Pro RGBW PM,https://cdn.shopify.com/s/files/1/0871/9967/8813/files/Shelly-Pro-RGBWW-PM-main-image.png?v=1734563380,Shelly Pro RGBWW PM
IP1084GraySwithD,https://cdn.shopify.com/s/files/1/0887/9941/2565/files/20230130_143357.webp?v=1762463636,Shelly - IP66 1084 Gray Swith Din
Wave Plug LR US,https://cdn.shopify.com/s/files/1/0887/9941/2565/files/Shelly-Wave-Plug-US-main-image_82c405ef-e18c-48e2-b9d7-f16a83c5ccb4.png?v=1762463632,Shelly Wave Plug LR
Wave 1 LR UL US,https://cdn.shopify.com/s/files/1/0887/9941/2565/files/Shelly-1-Gen4-main-image_22a1fbfc-0f1c-4756-8fab-e9dc8518302b.png?v=1762463653,Shelly Wave 1 LR
Wave 1 Mini LR US,https://cdn.shopify.com/s/files/1/0871/9967/8813/files/Shelly-Wave-1-Mini-EU-LR-main-image.png?v=1755074598,Shelly Wave 1 Mini LR
Wave 1PM LR UL US,https://cdn.shopify.com/s/files/1/0887/9941/2565/files/Shelly-Wave-1PM-USLR-main-image.png?v=1762463653,Shelly Wave 1PM LR
Wave 1PM Mini LR US,https://cdn.shopify.com/s/files/1/0871/9967/8813/files/Shelly-Wave-1PM-EU-LR-main-image.png?v=1753864033,Shelly Wave 1PM Mini LR
Wave 2PM LR UL US,https://cdn.shopify.com/s/files/1/0887/9941/2565/files/Shelly-Wave-2PM-USLR-main-image.png?v=1762463654,Shelly Wave 2PM LR
Wave Dimmer LR US,https://cdn.shopify.com/s/files/1/0871/9967/8813/files/Shelly-Wave-Dimmer-LR-main-image_86dcb4bf-25ae-426c-8726-1ff7ab6202a1.png?v=1747116460,Shelly Wave Dimmer EU LR
Wave Door Window LR US,https://cdn.shopify.com/s/files/1/0887/9941/2565/files/Shelly_Wave_DoorWindow_EU_LR-main-image_3390b24e-1f57-4f00-82c4-6663aa76920a.png?v=1762768728,Shelly Wave Door/Window LR
Wave H&T LR White US,https://cdn.shopify.com/s/files/1/0887/9941/2565/files/Shelly-Wave-H_T-US-LR-main-image.png?v=1762463673,Shelly Wave H&T LR
Wave i4 LR US,https://cdn.shopify.com/s/files/1/0887/9941/2565/files/Shelly-Wave-i4-USLR-main-image_4869f46f-7d53-4e5a-9025-b572b843321f.png?v=1762463668,Shelly Wave i4 LR
Wave i4 DC LR US,https://cdn.shopify.com/s/files/1/0887/9941/2565/files/Shelly-Wave-i4DC-USLR-main-image.png?v=1762463668,Shelly Wave i4 DC LR
Wave Motion LR US,https://cdn.shopify.com/s/files/1/0887/9941/2565/files/Shelly-Wave-Motion-EULR-main-image.png?v=1762463661,Shelly Wave Motion LR
Wave PM Mini LR US,https://cdn.shopify.com/s/files/1/0871/9967/8813/files/Shelly-Qubino-Wave-PM-Mini-profile-reprogramming.png?v=1777381411,Shelly Wave PM Mini EU LR
Wave Shutter UL US,https://cdn.shopify.com/s/files/1/0887/9941/2565/files/Shelly_Wave_Shutter_US_LR_main-image.png?v=1769777485,Shelly Wave Shutter LR
Wave Pro 1 LR US,https://cdn.shopify.com/s/files/1/0887/9941/2565/files/Shelly-Wave-Pro-1-US-LR-main-image.png?v=1762463664,Shelly Wave Pro 1 LR US
Wave Pro 1PM LR US,https://cdn.shopify.com/s/files/1/0887/9941/2565/files/Shelly-Wave-Pro-1PM-USLR-main-image.png?v=1762463665,Shelly Wave Pro 1PM LR US
Wave Pro 2 LR US,https://cdn.shopify.com/s/files/1/0887/9941/2565/files/Shelly-Wave-Pro-2-USLR-main-image.png?v=1762463665,Shelly Wave Pro 2 LR US
Wave Pro 2PM LR US,https://cdn.shopify.com/s/files/1/0887/9941/2565/files/Shelly-Wave-Pro-2PM-US-LR-main-image.png?v=1762463666,Shelly Wave Pro 2PM LR US
Wave Pro 3 LR US,https://cdn.shopify.com/s/files/1/0887/9941/2565/files/Shely-Wave-Pro-3-USLR-main-image.png?v=1762463667,Shelly Wave Pro 3 LR US
Wave Pro Dimmer 1PM,https://cdn.shopify.com/s/files/1/0871/9967/8813/files/Shelly-Wave-Pro-Dimmer-1PM-main-image.png?v=1727260150,Shelly Wave Pro Dimmer 1PM
Wave Pro Dimmer 2PM,https://cdn.shopify.com/s/files/1/0871/9967/8813/files/Shelly-Wave-Pro-Dimmer-2PM-EU-main-image.png?v=1730902649,Shelly Wave Pro Dimmer 2PM
Wave Pro Shutter LR US,https://cdn.shopify.com/s/files/1/0887/9941/2565/files/Shelly-Wave-Pro-Shutter-US-LR-main-image.png?v=1762463698,Shelly Wave Pro Shutter LR US
EM,https://cdn.shopify.com/s/files/1/0871/9967/8813/files/Shelly-EM_Clamp-1x-50A.png?v=1726661656,Shelly EM + 50A Clamp
EM Gen 3,https://cdn.shopify.com/s/files/1/0871/9967/8813/files/Shelly-EM-Gen3-main-image.png?v=1728993665,Shelly EM Gen3
CT50,https://cdn.shopify.com/s/files/1/0871/9967/8813/files/current-transformer-50A-main-image_3202885e-398c-439c-9d25-b68c59cee310.png?v=1729841678,Shelly 50A Current Transformer Clamp
CT120,https://cdn.shopify.com/s/files/1/0871/9967/8813/files/current-transformer-120A-main-image.png?v=1727351765,Shelly 120A Current Transformer Clamp
PM Mini Gen 3,https://cdn.shopify.com/s/files/1/0871/9967/8813/files/Shelly-PM-Mini-Gen3-main-image.png?v=1727260637,Shelly PM Mini Gen3
Pro 3EM-120,https://cdn.shopify.com/s/files/1/0887/9941/2565/files/current-transformer-120A-main-image_e3cbbcef-c67f-42aa-891c-8557ad5e4dcc.png?v=1762463504,Current Transformer for Pro 3EM - 120A
Pro 3EM-3CT63,https://cdn.shopify.com/s/files/1/0871/9967/8813/files/Shelly-Pro-3EM-3CT63-main-image.png?v=1728141399,Shelly Pro 3EM 3CT 63
Pro 3EM-400,https://cdn.shopify.com/s/files/1/0871/9967/8813/files/Shelly-Pro-3EM-400-main-image.png?v=1728233390,Shelly Pro 3EM-400
Pro 3EM Switch Add-on,https://cdn.shopify.com/s/files/1/0871/9967/8813/files/Shelly-Pro-3EM-Switch-Add-on-main-image.png?v=1728234629,Shelly Pro 3EM Switch Add-on
Pro EM-50,https://cdn.shopify.com/s/files/1/0871/9967/8813/files/Shelly-Pro-EM-50-main-image.png?v=1727260149,Shelly Pro EM-50
BLU Door Window Black,https://cdn.shopify.com/s/files/1/0871/9967/8813/files/Shelly-BLU-Door-Window-Black-main-image.png?v=1744696327,Shelly BLU Door/WIndow Black
BLU Door Window Brown,https://cdn.shopify.com/s/files/1/0871/9967/8813/files/Shelly-BLU-Door-Window-Wood-main-image.png?v=1727260149,Shelly BLU Door/Window Brown
BLU Door Window White,https://cdn.shopify.com/s/files/1/0871/9967/8813/files/Shelly-BLU-Door-Window-White-main-image.png?v=1744696327,Shelly BLU Door/Window White
BLU H&T Black,https://cdn.shopify.com/s/files/1/0871/9967/8813/files/Shelly-BLU-H-and-T-Black-main-image.png?v=1739798205,Shelly BLU H&T Black
BLU H&T Ivory,https://cdn.shopify.com/s/files/1/0871/9967/8813/files/Shelly-BLU-H-and-T-Ivory-main-image.png?v=1739798205,Shelly BLU H&T Ivory
BLU H&T Mocha,https://cdn.shopify.com/s/files/1/0871/9967/8813/files/Shelly-BLU-H-and-T-Mocha-main-image.png?v=1739798205,Shelly BLU H&T Mocha
BLU Motion,https://cdn.shopify.com/s/files/1/0871/9967/8813/files/Shelly-BLU-Motion-main-image.png?v=1728244913,Shelly BLU Motion
BLU TRV,https://cdn.shopify.com/s/files/1/0871/9967/8813/files/Shelly-BLU-TRV-bundle-main.png?v=1728301022,Shelly BLU TRV Single pack
Flood-1,https://cdn.shopify.com/s/files/1/0871/9967/8813/files/Shelly-Flood-main-image.png?v=1727260149,Shelly Flood
Gas CNG,https://cdn.shopify.com/s/files/1/0871/9967/8813/files/Shelly-Gas-CNG-EU-main-image.png?v=1727260150,Shelly GAS (CNG)
Gas LPG,https://cdn.shopify.com/s/files/1/0871/9967/8813/files/Shelly-Gas-LPG-EU-main-image.png?v=1727260150,Shelly GAS (LPG)
Gen 3 H&T Black,https://cdn.shopify.com/s/files/1/0871/9967/8813/files/Shelly-H-and-T-Gen3-Black-main-image.png?v=1736759555,Shelly H&T Gen3 Matte Black
Gen 3 H&T Ivory,https://cdn.shopify.com/s/files/1/0871/9967/8813/files/Shelly-H-and-T-Gen3-Ivory-main-image.png?v=1727260150,Shelly H&T Gen3 Ivory
Gen 3 H&T Mocha,https://cdn.shopify.com/s/files/1/0871/9967/8813/files/Shelly-H-and-T-Gen3-Mocha-main-image.png?v=1727260150,Shelly H&T Gen3 Mocha
Gen 3 H&T White,https://cdn.shopify.com/s/files/1/0871/9967/8813/files/Shelly-H-and-T-Gen3-White-main-image.png?v=1736759555,Shelly H&T Gen3 Matte White
HT B-1,https://cdn.shopify.com/s/files/1/0871/9967/8813/files/Shelly-H-and-T-Black-main-image.png?v=1727260149,Shelly H&T black
HT W-1,https://cdn.shopify.com/s/files/1/0871/9967/8813/files/Shelly-H-and-T-White-main-image.png?v=1727260148,Shelly H&T white
Smoke,https://cdn.shopify.com/s/files/1/0871/9967/8813/files/Shelly-Plus-Smoke-main-image.png?v=1727260148,Shelly Plus Smoke Alarm
BLU Button1 Black,https://cdn.shopify.com/s/files/1/0871/9967/8813/files/Shelly-BLU-Button1-Black-main-image.png?v=1760452782,Shelly BLU Button1 Black
BLU Button1 Blue,https://cdn.shopify.com/s/files/1/0871/9967/8813/files/Shelly-BLU-Button1-Blue-main-image.png?v=1760452782,Shelly BLU Button1 Blue
BLU Button1 Red,https://cdn.shopify.com/s/files/1/0871/9967/8813/files/Shelly-BLU-Button1-Red-main-image.png?v=1760452753,Shelly BLU Button1 Red
BLU Button1 White,https://cdn.shopify.com/s/files/1/0871/9967/8813/files/Shelly-BLU-Button1-White-main-image.png?v=1760452782,Shelly BLU Button1 White
BLU RC Button 4 US,https://cdn.shopify.com/s/files/1/0871/9967/8813/files/Shelly-BLU-RC-button-4_EU-main-image.png?v=1750072878,Shelly BLU RC Button 4
BLU Button Tough Black,https://cdn.shopify.com/s/files/1/0871/9967/8813/files/Shelly-BLU-Button-Tought-1-Black-main-image.png?v=1765792374,Shelly BLU Button Tough 1 Black
BLU Button Tough Ivory,https://cdn.shopify.com/s/files/1/0871/9967/8813/files/Shelly-BLU-Button-Tought-1-Ivory-main-image.png?v=1765792374,Shelly BLU Button Tough 1 Ivory
BLU Button Tough Mocha,https://cdn.shopify.com/s/files/1/0871/9967/8813/files/Shelly-BLU-Button-Tought-1-Mocha-main-image.png?v=1763733254,Shelly BLU Button Tough 1 Mocha
BLU Gateway,https://cdn.shopify.com/s/files/1/0871/9967/8813/files/Shelly-BLU-Gateway-main-image.png?v=1727260147,Shelly BLU Gateway
Button 1 W-1,https://cdn.shopify.com/s/files/1/0887/9941/2565/files/Shelly-Button-1-White-main-image_faf3e337-81ee-42d9-bf11-6e0b3d54c06a.png?v=1762463513,Shelly Button 1 list
Gas Addon,https://cdn.shopify.com/s/files/1/0887/9941/2565/files/shelly_gas_addon-625x625_a29b7dbc-c7f6-4f39-9f44-6dbc53c669fb.webp?v=1762463530,Shelly GAS AddOn Manipulator
HT USB adaptor black,https://cdn.shopify.com/s/files/1/0871/9967/8813/files/Shelly-USB-Power-for-Shelly-H-and-T-black-main-image.png?v=1756733087,Shelly H&T USB Add-on Black
HT USB adaptor white,https://cdn.shopify.com/s/files/1/0871/9967/8813/files/Shelly-USB-Power-for-Shelly-H-and-T-white-main-image.png?v=1756733087,Shelly H&T USB Add-on White
IP6610755,https://cdn.shopify.com/s/files/1/0887/9941/2565/files/20230130_144318.webp?v=1762463634,Shelly IP6610755
RC Snubber,https://cdn.shopify.com/s/files/1/0871/9967/8813/files/RC-snubber-main-image.png?v=1727772653,RC snubber
DS18B20,https://cdn.shopify.com/s/files/1/0871/9967/8813/files/Temperature-sensor-DS18B20-main-image.png?v=1738250814,Shelly Temp. Sensor DS18B20 1m cable
DS18B20-3,https://cdn.shopify.com/s/files/1/0871/9967/8813/files/Temperature-sensor-DS18B20-main-image.png?v=1738250814,Shelly Temp. Sensor DS18B20 3m cable
DB2024R_XSM,https://cdn.shopify.com/s/files/1/0871/9967/8813/files/DB2024R_XSM-main-image.png?v=1727773125,DB2024R-XSM
DB2024T_XSM,https://cdn.shopify.com/s/files/1/0871/9967/8813/files/DB2024T-XSM-main-image.png?v=1727773125,DB2024T-XSM
X-MOD1-H8,https://cdn.shopify.com/s/files/1/0871/9967/8813/files/product-image_chip_1200x1200_1-625x625.png?v=1726738274,Shelly-X-MOD1-H8
X-MOD1U-H8,https://cdn.shopify.com/s/files/1/0871/9967/8813/files/product-image_chip2_1200x1200_1-625x625.webp?v=1726739083,Shelly-X-MOD1U-H8
"Plus Plug US-1","https://kb.shelly.cloud/__attachments/a_ffba229f5f5273c6f55070b190a4dee53a2967ae90e5ce93594dee08acfd197b/Plug-US.jpg?cb=370a6a6ac1936befee88b174db5a51d3","Shelly Plug US official documentation"
"Outdoor Box","https://www.digitalbaytech.com/cdn/shop/products/us_outdoor_ip55_addon.webp?v=1677287453","Shelly Outdoor Box IP55"

